BOISSONS CHAUDES,1,BOISSONS CHAUDES.jpg
BOISSONS FRAICHES,2,BOISSONS FRAICHES.jpg
PETIT DÉJEUNER,3,PETIT DÉJEUNER.jpg
AMUSES BOUCHES,4,AMUSES BOUCHES.jpg
SALADES,5,SALADES.jpg
LES POISSONS ET FRUITS DE MER,6,LES POISSONS ET FRUITS DE MER.jpg
PATES FRAICHES,7,PATES FRAICHES.jpg
VIANDES,8,VIANDES.jpg
POULETS,9,POULETS.jpg
ACCOMPAGNEMENTS,10,ACCOMPAGNEMENTS.jpg
AUTRES PLATS,11,AUTRES PLATS.jpg
AUTRES,12,AUTRES.jpg
COCKTAILS SANS ALCOOL,13,COCKTAILS SANS ALCOOL.jpg
COCKTAILS,14,COCKTAIL.jpg
DIGESTIFS,15,DIGESTIFS.jpg
DESSERTS,16,DESSERTS.jpg
VINS BLANCS,17,VINS BLANCS (cépages originaires de la Moselle).jpg
VINS ROSÉS,18,VINS ROSÉS.jpg
VINS ROUGES,19,VINS ROUGES.jpg
VINS MOUSSEUX,20,VINS MOUSSEUX.jpg
